參數,名稱,說明,revolver,shotgun,rifle,lance
display_name,名稱,玩家看到的名字,左輪,單管散彈,槓桿步槍,炸彈長矛
action_type,射擊類型,單動左輪／雙動左輪／栓動步槍／槓桿步槍／折開式／魚叉發射管,單動左輪,折開式,槓桿步槍,魚叉發射管
damage,基礎傷害,每顆彈丸打中的傷害,50,14,60,40
capacity,彈藥容量,最多裝幾發,6,1,10,1
starting_reserve,起始備彈,一開始另外帶幾發；-1 = 無限,18,10,20,3
pellets,每發彈丸數,L1｜散彈一槍射出幾顆,1,10,1,1
pellet_spread,彈丸散布,L2｜度；每顆彈丸各自再偏多少,0,3,0,0
ads_in,進入瞄準時間,秒,0.2,0.2,0.2,0.3
ads_out,退出瞄準時間,秒,0.2,0.2,0.2,0.3
fire_interval,最短擊發間隔,秒；開一槍後至少隔多久,0.45,0.3,0.8,0.6
cycle_time,上膛動作時間,秒；扳擊錘、拉栓、壓槓桿。跟擊發間隔同時起算、取長的；0 = 沒有,0.45,0,0.8,0
reload_type,裝填類型,整組／逐發,逐發,整組,逐發,整組
reload_time,整組裝填時間,秒；只有「整組」用,1.6,1.6,1.6,2.2
reload_start,逐發裝填準備,秒；打開裝填門,0.3,0,0,0
reload_insert,每顆裝填時間,秒／發,0.55,0.45,0.55,0.45
reload_end,逐發裝填收尾,秒；關上裝填門，做完才能開,0.3,0,0,0
fan_interval,搧擊錘間隔,規格外｜秒；腰射按住連發，0 = 不能搧,0.16,0,0,0
fan_spread,搧擊錘散布,規格外｜度；搧的時候每發多散多少,6,6,6,6
recoil_pitch,垂直後座力,度／發；每槍往上抬,1.56,2.64,1.92,2.0
recoil_pitch_random,上抬隨機範圍,L2｜±度,0.52,0.88,0.64,0.6
recoil_yaw,水平後座力,L1｜±度；每槍左右隨機偏,0.65,1.1,0.8,1.2
recoil_return_time,後座力回復時間,秒,0.25,0.25,0.25,0.35
recoil_return_ratio,後座力回正比例,1 = 回滿；0.7 = 回七成、剩下自己壓,0.7,0.7,0.7,0.7
spread_hip,腰射散布,度（中心到邊緣）；也是基礎散布,4,4,4,3
spread_ads,瞄準散布,度（中心到邊緣）,0.3,0.3,0.3,0.5
ads_first_shot_perfect,瞄準第一發完全準,是／否；舉滿、站著、沒連射時第一發沒有隨機偏差,否,否,否,否
muzzle_velocity,子彈初速,公尺／秒,330,300,440,45
falloff_start,衰減起始距離,公尺；這之前全額傷害,25,8,60,0
falloff_end,衰減終止距離,公尺；到這裡降到最低傷害,80,35,250,1
minimum_damage,最低傷害,每顆；不能高過基礎傷害,25,7,30,40
max_range,最大判定距離,公尺；子彈飛這麼遠就消失（炸彈長矛的魚叉是在這裡空炸）,80,35,250,25
smoke,槍口煙量,1 = 左輪；越大煙團越大、留越久,1,1.6,1.3,0.25
